{
  "mean_reward": 23.13180219476071,
  "std_reward": 63.92757688729447,
  "final_100_mean": 32.161338787078854,
  "episodes": 26546
}