{
  "mean_reward": 93.74005190258333,
  "std_reward": 108.93518923387988,
  "final_100_mean": 211.59616548538207,
  "episodes": 12143
}