{
  "mean_reward": 38.27281263473416,
  "final_100_mean": 62.095136373746655,
  "episodes": 26922
}