{
  "mean_reward": 40.02877697006546,
  "std_reward": 83.31260781947064,
  "final_100_mean": 158.6222337651253,
  "episodes": 27842
}